sit,amet,elit,Lorem,ipsum,dolor,adipiscing,consectetur
in,orci,dolor,Aliquam,viverra,placerat,sollicitudin
at,leo,Quisque,suscipit,porttitor,pellentesque
a,eros,orci,eget,nisi,Nulla,tempor,cursus,luctus,ultrices
nec,dui,nibh,Nulla,aliquet,blandit,molestie
ex,sem,quis,aliquet,iaculis,Maecenas,pharetra
Fusce,luctus,aliquet,malesuada
ac,ex,dui,mattis,blandit,Phasellus,condimentum
eu,elit,arcu,neque,Integer,aliquet,feugiat,bibendum,pulvinar,tristique
In,hac,platea,dictumst,habitasse
eget,lectus,venenatis,Pellentesque
sit,amet,Etiam,ligula,venenatis
Etiam,augue,nulla,scelerisque
sit,nec,amet,nibh,Donec,lectus,lectus,cursus,rutrum,maximus,pretium
sed,sed,Cras,eros,aliquam,ullamcorper
ut,sem,cursus,Vivamus,lacinia,ultrices
Nulla,facilisi
ac,non,nisl,massa,porta,tellus,commodo,iaculis,Pellentesque
Ut,ac,odio,maximus,egestas,scelerisque
eu,nunc,mauris,posuere,egestas,aliquet,Suspendisse
a,libero,Aliquam,pulvinar
a,leo,sed,sem,eros,arcu,eget,nulla,ipsum,nulla,aliquam,finibus,euismod,sodales,malesuada,Suspendisse
sit,ante,amet,odio,quam,Fusce,risus,vitae,congue,laoreet,pharetra
et,non,sem,tellus,commodo,ultrices,Suspendisse
at,in,ipsum,augue,Aenean,mollis,finibus,egestas,ultricies
ex,ut,ex,Nam,metus,vitae,ligula,iaculis,viverra,aliquet
et,sem,Donec,lacus,blandit,ultrices,dignissim
in,vel,arcu,arcu,felis,dapibus,iaculis,posuere,placerat,Vestibulum
vel,vel,nisi,nisi,Nulla,purus,dapibus,fermentum,sollicitudin
ac,quam,ipsum,iaculis,eleifend,faucibus,accumsan,consequat,Suspendisse
et,leo,vel,Nunc,nisi,felis,mattis,molestie,pellentesque,sollicitudin
Fusce,dictum,semper,placerat
et,lorem,rutrum,ligula,feugiat,Maecenas,vulputate
a,massa,Nullam,rhoncus,tincidunt,consequat
in,elit,ipsum,vitae,varius,auctor,ultricies,scelerisque,Pellentesque
et,ut,dui,elit,auctor,mattis,gravida,Praesent,suscipit
ac,nec,felis,Quisque,volutpat,dignissim
Sed,non,nec,justo,dolor,tempor,turpis,rutrum,accumsan
at,at,sed,est,Cras,vitae,purus,turpis,dapibus,feugiat
at,ut,non,nibh,massa,libero,gravida,accumsan,pulvinar,Suspendisse
ac,et,nulla,lacus,justo,rhoncus,finibus,ultrices,hendrerit,Suspendisse
et,mi,sit,sem,Cras,arcu,amet,elit,urna,tellus,sapien,semper,pretium,aliquam,blandit,venenatis,facilisis
ut,Sed,odio,massa,felis,tempor,sagittis,accumsan,malesuada,tristique
in,eu,sed,leo,Duis,purus,velit,finibus,pharetra,vestibulum
ac,ut,sem,arcu,eros,ante,arcu,neque,vitae,felis,mollis,rutrum,Quisque,venenatis,tincidunt,sollicitudin
et,eu,nunc,Mauris,mattis,tortor,auctor,aliquam,fermentum
a,in,at,Nunc,nibh,magna,turpis,tincidunt,vestibulum,ullamcorper
id,erat,Proin,dolor
at,eu,nec,diam,Etiam,neque,vitae,magna,rhoncus,tristique
in,Sed,sed,diam,elit,porta,metus,posuere,molestie
quis,metus,Aliquam,sodales,sagittis,faucibus
non,Donec,neque,dignissim,tristique,tincidunt
ad,per,per,Class,aptent,taciti,litora,nostra,conubia,sociosqu,torquent,inceptos,himenaeos
Nam,sit,nisi,amet,orci,tempor,congue,viverra
ut,at,Cras,orci,eget,quis,nibh,magna,commodo,interdum
et,eget,arcu,nisl,Aliquam,blandit,iaculis
in,Nunc,quam,vitae,lorem,vulputate,condimentum
nec,orci,vitae,dolor,posuere,tincidunt,Vestibulum
sed,odio,nisi,magna,interdum,tincidunt,convallis,tristique,scelerisque,Pellentesque
a,eu,nibh,quam,orci,nunc,ipsum,nulla,risus,vitae,semper,ornare,mattis,Vivamus,iaculis,pulvinar
ac,tortor,finibus,volutpat,Phasellus,imperdiet
mi,id,Sed,leo,maximus,viverra,ultrices
mi,non,eget,Fusce,eleifend,sollicitudin
enim,Donec,neque,pretium
eget,velit,vitae,lorem,turpis,Vivamus,egestas,lacinia,vestibulum
ut,nisi,porta,Vestibulum
sed,sit,odio,amet,purus,purus,Mauris,blandit,commodo,venenatis
felis,vitae,euismod,Praesent,imperdiet,pellentesque
Etiam,volutpat,ultricies,tincidunt
mi,eget,risus,Phasellus
ex,nec,eget,Fusce,velit,tortor,rhoncus,faucibus,hendrerit
in,erat,nisi,ante,risus,maximus,lobortis,ultricies,tincidunt,Vestibulum
vel,sit,urna,amet,augue,metus,metus,tempor,tellus,lectus,tellus,Integer,egestas,malesuada,consequat,tincidunt,pellentesque
sed,quis,velit,turpis,cursus,Praesent,accumsan
Ut,eu,non,tempor,tellus,pretium
sit,dui,amet,odio,Maecenas
Duis,magna,auctor,egestas,vehicula,ultricies
id,nunc,quam,enim,vitae,semper,rhoncus,dapibus,Pellentesque
rutrum,auctor,Integer,aliquet
ex,Sed,leo,quis
eu,ut,est,nec,est,diam,eget,Quisque,eleifend,facilisis
